source_id,country_code,type,name,native_name,code,parent_source_id,level,latitude,longitude
gr:administrative_region:attica,GR,administrative_region,Attica,,I,,1,,
gr:administrative_region:central-greece,GR,administrative_region,Central Greece,,H,,1,,
gr:administrative_region:central-macedonia,GR,administrative_region,Central Macedonia,,B,,1,,
gr:administrative_region:crete,GR,administrative_region,Crete,,M,,1,,
gr:administrative_region:east-macedonia-and-thrace,GR,administrative_region,East Macedonia and Thrace,,A,,1,,
gr:administrative_region:epirus,GR,administrative_region,Epirus,,D,,1,,
gr:administrative_region:ionian-islands,GR,administrative_region,Ionian Islands,,F,,1,,
gr:administrative_region:mount-athos,GR,administrative_region,Mount Athos,,69,,1,,
gr:administrative_region:north-aegean,GR,administrative_region,North Aegean,,K,,1,,
gr:administrative_region:peloponnese,GR,administrative_region,Peloponnese,,J,,1,,
gr:administrative_region:south-aegean,GR,administrative_region,South Aegean,,L,,1,,
gr:administrative_region:thessaly,GR,administrative_region,Thessaly,,E,,1,,
gr:administrative_region:west-greece,GR,administrative_region,West Greece,,G,,1,,
gr:administrative_region:west-macedonia,GR,administrative_region,West Macedonia,,C,,1,,
gr:municipality:abdera,GR,municipality,Abdera,,,gr:administrative_region:east-macedonia-and-thrace,2,,
gr:municipality:acharnes,GR,municipality,Acharnes,,,gr:administrative_region:attica,2,,
gr:municipality:aegina,GR,municipality,Aegina,,,gr:administrative_region:attica,2,,
gr:municipality:agathonisi,GR,municipality,Agathonisi,,,gr:administrative_region:south-aegean,2,,
gr:municipality:agia,GR,municipality,Agia,,,gr:administrative_region:thessaly,2,,
gr:municipality:agia-paraskevi,GR,municipality,Agia Paraskevi,,,gr:administrative_region:attica,2,,
gr:municipality:agia-varvara,GR,municipality,Agia Varvara,,,gr:administrative_region:attica,2,,
gr:municipality:agioi-anargyroi-kamatero,GR,municipality,Agioi Anargyroi-Kamatero,,,gr:administrative_region:attica,2,,
gr:municipality:agios-dimitrios,GR,municipality,Agios Dimitrios,,,gr:administrative_region:attica,2,,
gr:municipality:agios-efstratios,GR,municipality,Agios Efstratios,,,gr:administrative_region:north-aegean,2,,
gr:municipality:agios-nikolaos,GR,municipality,Agios Nikolaos,,,gr:administrative_region:crete,2,,
gr:municipality:agios-vasileios,GR,municipality,Agios Vasileios,,,gr:administrative_region:crete,2,,
gr:municipality:agistri,GR,municipality,Agistri,,,gr:administrative_region:attica,2,,
gr:municipality:agrafa,GR,municipality,Agrafa,,,gr:administrative_region:central-greece,2,,
gr:municipality:agrinio,GR,municipality,Agrinio,,,gr:administrative_region:west-greece,2,,
gr:municipality:aigaleo,GR,municipality,Aigaleo,,,gr:administrative_region:attica,2,,
gr:municipality:aigialeia,GR,municipality,Aigialeia,,,gr:administrative_region:west-greece,2,,
gr:municipality:aktio-vonitsa,GR,municipality,Aktio-Vonitsa,,,gr:administrative_region:west-greece,2,,
gr:municipality:alexandreia,GR,municipality,Alexandreia,,,gr:administrative_region:central-macedonia,2,,
gr:municipality:alexandroupoli,GR,municipality,Alexandroupoli,,,gr:administrative_region:east-macedonia-and-thrace,2,,
gr:municipality:aliartos,GR,municipality,Aliartos,,,gr:administrative_region:central-greece,2,,
gr:municipality:alimos,GR,municipality,Alimos,,,gr:administrative_region:attica,2,,
gr:municipality:almopia,GR,municipality,Almopia,,,gr:administrative_region:central-macedonia,2,,
gr:municipality:almyros,GR,municipality,Almyros,,,gr:administrative_region:thessaly,2,,
gr:municipality:alonnisos,GR,municipality,Alonnisos,,,gr:administrative_region:thessaly,2,,
gr:municipality:amari,GR,municipality,Amari,,,gr:administrative_region:crete,2,,
gr:municipality:amfikleia-elateia,GR,municipality,Amfikleia-Elateia,,,gr:administrative_region:central-greece,2,,
gr:municipality:amfilochia,GR,municipality,Amfilochia,,,gr:administrative_region:west-greece,2,,
gr:municipality:amorgos,GR,municipality,Amorgos,,,gr:administrative_region:south-aegean,2,,
gr:municipality:ampelokipoi-menemeni,GR,municipality,Ampelokipoi-Menemeni,,,gr:administrative_region:central-macedonia,2,,
gr:municipality:amphipolis,GR,municipality,Amphipolis,,,gr:administrative_region:central-macedonia,2,,
gr:municipality:amyntaio,GR,municipality,Amyntaio,,,gr:administrative_region:west-macedonia,2,,
gr:municipality:anafi,GR,municipality,Anafi,,,gr:administrative_region:south-aegean,2,,
gr:municipality:andravida-kyllini,GR,municipality,Andravida-Kyllini,,,gr:administrative_region:west-greece,2,,
gr:municipality:andritsaina-krestena,GR,municipality,Andritsaina-Krestena,,,gr:administrative_region:west-greece,2,,
gr:municipality:andros,GR,municipality,Andros,,,gr:administrative_region:south-aegean,2,,
gr:municipality:anogeia,GR,municipality,Anogeia,,,gr:administrative_region:crete,2,,
gr:municipality:antiparos,GR,municipality,Antiparos,,,gr:administrative_region:south-aegean,2,,
gr:municipality:apokoronas,GR,municipality,Apokoronas,,,gr:administrative_region:crete,2,,
gr:municipality:archanes-asterousia,GR,municipality,Archanes-Asterousia,,,gr:administrative_region:crete,2,,
gr:municipality:argithea,GR,municipality,Argithea,,,gr:administrative_region:thessaly,2,,
gr:municipality:argos-mykines,GR,municipality,Argos-Mykines,,,gr:administrative_region:peloponnese,2,,
gr:municipality:argos-orestiko,GR,municipality,Argos Orestiko,,,gr:administrative_region:west-macedonia,2,,
gr:municipality:aristotelis,GR,municipality,Aristotelis,,,gr:administrative_region:central-macedonia,2,,
gr:municipality:arriana,GR,municipality,Arriana,,,gr:administrative_region:east-macedonia-and-thrace,2,,
gr:municipality:arta,GR,municipality,Arta,,,gr:administrative_region:epirus,2,,
gr:municipality:aspropyrgos,GR,municipality,Aspropyrgos,,,gr:administrative_region:attica,2,,
gr:municipality:astypalaia,GR,municipality,Astypalaia,,,gr:administrative_region:south-aegean,2,,
gr:municipality:athens,GR,municipality,Athens,,,gr:administrative_region:attica,2,,
gr:municipality:central-corfu-and-diapontia-islands,GR,municipality,Central Corfu and Diapontia Islands,,,gr:administrative_region:ionian-islands,2,,
gr:municipality:north-corfu,GR,municipality,North Corfu,,,gr:administrative_region:ionian-islands,2,,
gr:municipality:south-corfu,GR,municipality,South Corfu,,,gr:administrative_region:ionian-islands,2,,
gr:municipality:central-tzoumerka,GR,municipality,Central Tzoumerka,,,gr:administrative_region:epirus,2,,
gr:municipality:argostoli,GR,municipality,Argostoli,,,gr:administrative_region:ionian-islands,2,,
gr:municipality:lixouri,GR,municipality,Lixouri,,,gr:administrative_region:ionian-islands,2,,
gr:municipality:sami,GR,municipality,Sami,,,gr:administrative_region:ionian-islands,2,,
gr:municipality:chaidari,GR,municipality,Chaidari,,,gr:administrative_region:attica,2,,
gr:municipality:chalandri,GR,municipality,Chalandri,,,gr:administrative_region:attica,2,,
gr:municipality:chalcis,GR,municipality,Chalcis,,,gr:administrative_region:central-greece,2,,
gr:municipality:chalki,GR,municipality,Chalki,,,gr:administrative_region:south-aegean,2,,
gr:municipality:chalkidona,GR,municipality,Chalkidona,,,gr:administrative_region:central-macedonia,2,,
gr:municipality:chania,GR,municipality,Chania,,,gr:administrative_region:crete,2,,
gr:municipality:chersonisos,GR,municipality,Chersonisos,,,gr:administrative_region:crete,2,,
gr:municipality:chios,GR,municipality,Chios,,,gr:administrative_region:north-aegean,2,,
gr:municipality:corinth-municipality,GR,municipality,Corinth (municipality),,,gr:administrative_region:peloponnese,2,,
gr:municipality:cythera,GR,municipality,Cythera,,,gr:administrative_region:attica,2,,
gr:municipality:dafni-ymittos,GR,municipality,Dafni-Ymittos,,,gr:administrative_region:attica,2,,
gr:municipality:delphi,GR,municipality,Delphi,,,gr:administrative_region:central-greece,2,,
gr:municipality:delta,GR,municipality,Delta,,,gr:administrative_region:central-macedonia,2,,
gr:municipality:deskati,GR,municipality,Deskati,,,gr:administrative_region:west-macedonia,2,,
gr:municipality:didymoteicho,GR,municipality,Didymoteicho,,,gr:administrative_region:east-macedonia-and-thrace,2,,
gr:municipality:dion-olympos,GR,municipality,Dion-Olympos,,,gr:administrative_region:central-macedonia,2,,
gr:municipality:dionysos,GR,municipality,Dionysos,,,gr:administrative_region:attica,2,,
gr:municipality:dirfys-messapia,GR,municipality,Dirfys-Messapia,,,gr:administrative_region:central-greece,2,,
gr:municipality:distomo-arachova-antikyra,GR,municipality,Distomo-Arachova-Antikyra,,,gr:administrative_region:central-greece,2,,
gr:municipality:dodoni,GR,municipality,Dodoni,,,gr:administrative_region:epirus,2,,
gr:municipality:domokos,GR,municipality,Domokos,,,gr:administrative_region:central-greece,2,,
gr:municipality:dorida,GR,municipality,Dorida,,,gr:administrative_region:central-greece,2,,
gr:municipality:doxato,GR,municipality,Doxato,,,gr:administrative_region:east-macedonia-and-thrace,2,,
gr:municipality:drama,GR,municipality,Drama,,,gr:administrative_region:east-macedonia-and-thrace,2,,
gr:municipality:east-mani,GR,municipality,East Mani,,,gr:administrative_region:peloponnese,2,,
gr:municipality:edessa,GR,municipality,Edessa,,,gr:administrative_region:central-macedonia,2,,
gr:municipality:elafonisos,GR,municipality,Elafonisos,,,gr:administrative_region:peloponnese,2,,
gr:municipality:elassona,GR,municipality,Elassona,,,gr:administrative_region:thessaly,2,,
gr:municipality:elefsina,GR,municipality,Elefsina,,,gr:administrative_region:attica,2,,
gr:municipality:elliniko-argyroupoli,GR,municipality,Elliniko-Argyroupoli,,,gr:administrative_region:attica,2,,
gr:municipality:emmanouil-pappas,GR,municipality,Emmanouil Pappas,,,gr:administrative_region:central-macedonia,2,,
gr:municipality:eordaia,GR,municipality,Eordaia,,,gr:administrative_region:west-macedonia,2,,
gr:municipality:epidaurus,GR,municipality,Epidaurus,,,gr:administrative_region:peloponnese,2,,
gr:municipality:eretria,GR,municipality,Eretria,,,gr:administrative_region:central-greece,2,,
gr:municipality:ermionida,GR,municipality,Ermionida,,,gr:administrative_region:peloponnese,2,,
gr:municipality:erymanthos,GR,municipality,Erymanthos,,,gr:administrative_region:west-greece,2,,
gr:municipality:evrotas,GR,municipality,Evrotas,,,gr:administrative_region:peloponnese,2,,
gr:municipality:faistos,GR,municipality,Faistos,,,gr:administrative_region:crete,2,,
gr:municipality:farkadona,GR,municipality,Farkadona,,,gr:administrative_region:thessaly,2,,
gr:municipality:farsala,GR,municipality,Farsala,,,gr:administrative_region:thessaly,2,,
gr:municipality:filiates,GR,municipality,Filiates,,,gr:administrative_region:epirus,2,,
gr:municipality:filothei-psychiko,GR,municipality,Filothei-Psychiko,,,gr:administrative_region:attica,2,,
gr:municipality:florina,GR,municipality,Florina,,,gr:administrative_region:west-macedonia,2,,
gr:municipality:folegandros,GR,municipality,Folegandros,,,gr:administrative_region:south-aegean,2,,
gr:municipality:fournoi-korseon,GR,municipality,Fournoi Korseon,,,gr:administrative_region:north-aegean,2,,
gr:municipality:fyli,GR,municipality,Fyli,,,gr:administrative_region:attica,2,,
gr:municipality:galatsi,GR,municipality,Galatsi,,,gr:administrative_region:attica,2,,
gr:municipality:gavdos,GR,municipality,Gavdos,,,gr:administrative_region:crete,2,,
gr:municipality:georgios-karaiskakis,GR,municipality,Georgios Karaiskakis,,,gr:administrative_region:epirus,2,,
gr:municipality:glyfada,GR,municipality,Glyfada,,,gr:administrative_region:attica,2,,
gr:municipality:gortyna,GR,municipality,Gortyna,,,gr:administrative_region:crete,2,,
gr:municipality:gortynia,GR,municipality,Gortynia,,,gr:administrative_region:peloponnese,2,,
gr:municipality:grevena,GR,municipality,Grevena,,,gr:administrative_region:west-macedonia,2,,
gr:municipality:heraklion,GR,municipality,Heraklion,,,gr:administrative_region:crete,2,,
gr:municipality:hydra,GR,municipality,Hydra,,,gr:administrative_region:attica,2,,
gr:municipality:iasmos,GR,municipality,Iasmos,,,gr:administrative_region:east-macedonia-and-thrace,2,,
gr:municipality:icaria,GR,municipality,Icaria,,,gr:administrative_region:north-aegean,2,,
gr:municipality:ierapetra,GR,municipality,Ierapetra,,,gr:administrative_region:crete,2,,
gr:municipality:igoumenitsa,GR,municipality,Igoumenitsa,,,gr:administrative_region:epirus,2,,
gr:municipality:ilida,GR,municipality,Ilida,,,gr:administrative_region:west-greece,2,,
gr:municipality:ilio,GR,municipality,Ilio,,,gr:administrative_region:attica,2,,
gr:municipality:ilioupoli,GR,municipality,Ilioupoli,,,gr:administrative_region:attica,2,,
gr:municipality:ioannina,GR,municipality,Ioannina,,,gr:administrative_region:epirus,2,,
gr:municipality:ios,GR,municipality,Ios,,,gr:administrative_region:south-aegean,2,,
gr:municipality:irakleia,GR,municipality,Irakleia,,,gr:administrative_region:central-macedonia,2,,
gr:municipality:irakleio,GR,municipality,Irakleio,,,gr:administrative_region:attica,2,,
gr:municipality:istiaia-aidipsos,GR,municipality,Istiaia-Aidipsos,,,gr:administrative_region:central-greece,2,,
gr:municipality:ithaca,GR,municipality,Ithaca,,,gr:administrative_region:ionian-islands,2,,
gr:municipality:kaisariani,GR,municipality,Kaisariani,,,gr:administrative_region:attica,2,,
gr:municipality:kalamaria,GR,municipality,Kalamaria,,,gr:administrative_region:central-macedonia,2,,
gr:municipality:kalamata,GR,municipality,Kalamata,,,gr:administrative_region:peloponnese,2,,
gr:municipality:kalavryta,GR,municipality,Kalavryta,,,gr:administrative_region:west-greece,2,,
gr:municipality:kallithea,GR,municipality,Kallithea,,,gr:administrative_region:attica,2,,
gr:municipality:kalymnos,GR,municipality,Kalymnos,,,gr:administrative_region:south-aegean,2,,
gr:municipality:kamena-vourla,GR,municipality,Kamena Vourla,,,gr:administrative_region:central-greece,2,,
gr:municipality:kantanos-selino,GR,municipality,Kantanos-Selino,,,gr:administrative_region:crete,2,,
gr:municipality:karditsa,GR,municipality,Karditsa,,,gr:administrative_region:thessaly,2,,
gr:municipality:karpathos,GR,municipality,Karpathos,,,gr:administrative_region:south-aegean,2,,
gr:municipality:karpenisi,GR,municipality,Karpenisi,,,gr:administrative_region:central-greece,2,,
gr:municipality:karystos,GR,municipality,Karystos,,,gr:administrative_region:central-greece,2,,
gr:municipality:kasos,GR,municipality,Kasos,,,gr:administrative_region:south-aegean,2,,
gr:municipality:kassandra,GR,municipality,Kassandra,,,gr:administrative_region:central-macedonia,2,,
gr:municipality:kastellorizo,GR,municipality,Kastellorizo,,,gr:administrative_region:south-aegean,2,,
gr:municipality:kastoria,GR,municipality,Kastoria,,,gr:administrative_region:west-macedonia,2,,
gr:municipality:katerini,GR,municipality,Katerini,,,gr:administrative_region:central-macedonia,2,,
gr:municipality:kato-nevrokopi,GR,municipality,Kato Nevrokopi,,,gr:administrative_region:east-macedonia-and-thrace,2,,
gr:municipality:kavala,GR,municipality,Kavala,,,gr:administrative_region:east-macedonia-and-thrace,2,,
gr:municipality:kea,GR,municipality,Kea,,,gr:administrative_region:south-aegean,2,,
gr:municipality:keratsini-drapetsona,GR,municipality,Keratsini-Drapetsona,,,gr:administrative_region:attica,2,,
gr:municipality:kifisia,GR,municipality,Kifisia,,,gr:administrative_region:attica,2,,
gr:municipality:kileler,GR,municipality,Kileler,,,gr:administrative_region:thessaly,2,,
gr:municipality:kilkis,GR,municipality,Kilkis,,,gr:administrative_region:central-macedonia,2,,
gr:municipality:kimolos,GR,municipality,Kimolos,,,gr:administrative_region:south-aegean,2,,
gr:municipality:kissamos,GR,municipality,Kissamos,,,gr:administrative_region:crete,2,,
gr:municipality:komotini,GR,municipality,Komotini,,,gr:administrative_region:east-macedonia-and-thrace,2,,
gr:municipality:konitsa,GR,municipality,Konitsa,,,gr:administrative_region:epirus,2,,
gr:municipality:kordelio-evosmos,GR,municipality,Kordelio-Evosmos,,,gr:administrative_region:central-macedonia,2,,
gr:municipality:korydallos,GR,municipality,Korydallos,,,gr:administrative_region:attica,2,,
gr:municipality:kos,GR,municipality,Kos,,,gr:administrative_region:south-aegean,2,,
gr:municipality:kozani,GR,municipality,Kozani,,,gr:administrative_region:west-macedonia,2,,
gr:municipality:kropia,GR,municipality,Kropia,,,gr:administrative_region:attica,2,,
gr:municipality:kymi-aliveri,GR,municipality,Kymi-Aliveri,,,gr:administrative_region:central-greece,2,,
gr:municipality:kythnos,GR,municipality,Kythnos,,,gr:administrative_region:south-aegean,2,,
gr:municipality:lake-plastiras,GR,municipality,Lake Plastiras,,,gr:administrative_region:thessaly,2,,
gr:municipality:lamia,GR,municipality,Lamia,,,gr:administrative_region:central-greece,2,,
gr:municipality:langadas,GR,municipality,Langadas,,,gr:administrative_region:central-macedonia,2,,
gr:municipality:larissa,GR,municipality,Larissa,,,gr:administrative_region:thessaly,2,,
gr:municipality:lavreotiki,GR,municipality,Lavreotiki,,,gr:administrative_region:attica,2,,
gr:municipality:lefkada,GR,municipality,Lefkada,,,gr:administrative_region:ionian-islands,2,,
gr:municipality:leipsoi,GR,municipality,Leipsoi,,,gr:administrative_region:south-aegean,2,,
gr:municipality:lemnos,GR,municipality,Lemnos,,,gr:administrative_region:north-aegean,2,,
gr:municipality:leros,GR,municipality,Leros,,,gr:administrative_region:south-aegean,2,,
gr:municipality:mytilini,GR,municipality,Mytilini,,,gr:administrative_region:north-aegean,2,,
gr:municipality:west-lesbos,GR,municipality,West Lesbos,,,gr:administrative_region:north-aegean,2,,
gr:municipality:livadeia,GR,municipality,Livadeia,,,gr:administrative_region:central-greece,2,,
gr:municipality:lokroi,GR,municipality,Lokroi,,,gr:administrative_region:central-greece,2,,
gr:municipality:loutraki-perachora-agioi-theodoroi,GR,municipality,Loutraki-Perachora-Agioi Theodoroi,,,gr:administrative_region:peloponnese,2,,
gr:municipality:lykovrysi-pefki,GR,municipality,Lykovrysi-Pefki,,,gr:administrative_region:attica,2,,
gr:municipality:makrakomi,GR,municipality,Makrakomi,,,gr:administrative_region:central-greece,2,,
gr:municipality:malevizi,GR,municipality,Malevizi,,,gr:administrative_region:crete,2,,
gr:municipality:mandra-eidyllia,GR,municipality,Mandra-Eidyllia,,,gr:administrative_region:attica,2,,
gr:municipality:mantoudi-limni-agia-anna,GR,municipality,Mantoudi-Limni-Agia Anna,,,gr:administrative_region:central-greece,2,,
gr:municipality:marathon,GR,municipality,Marathon,,,gr:administrative_region:attica,2,,
gr:municipality:markopoulo-mesogaias,GR,municipality,Markopoulo Mesogaias,,,gr:administrative_region:attica,2,,
gr:municipality:maroneia-sapes,GR,municipality,Maroneia-Sapes,,,gr:administrative_region:east-macedonia-and-thrace,2,,
gr:municipality:marousi,GR,municipality,Marousi,,,gr:administrative_region:attica,2,,
gr:municipality:megalopoli,GR,municipality,Megalopoli,,,gr:administrative_region:peloponnese,2,,
gr:municipality:meganisi,GR,municipality,Meganisi,,,gr:administrative_region:ionian-islands,2,,
gr:municipality:megara,GR,municipality,Megara,,,gr:administrative_region:attica,2,,
gr:municipality:messini,GR,municipality,Messini,,,gr:administrative_region:peloponnese,2,,
gr:municipality:metamorfosi,GR,municipality,Metamorfosi,,,gr:administrative_region:attica,2,,
gr:municipality:meteora,GR,municipality,Meteora,,,gr:administrative_region:thessaly,2,,
gr:municipality:metsovo,GR,municipality,Metsovo,,,gr:administrative_region:epirus,2,,
gr:municipality:milos,GR,municipality,Milos,,,gr:administrative_region:south-aegean,2,,
gr:municipality:minoa-pediada,GR,municipality,Minoa Pediada,,,gr:administrative_region:crete,2,,
gr:municipality:missolonghi,GR,municipality,Missolonghi,,,gr:administrative_region:west-greece,2,,
gr:municipality:monemvasia,GR,municipality,Monemvasia,,,gr:administrative_region:peloponnese,2,,
gr:municipality:moschato-tavros,GR,municipality,Moschato-Tavros,,,gr:administrative_region:attica,2,,
gr:municipality:mouzaki,GR,municipality,Mouzaki,,,gr:administrative_region:thessaly,2,,
gr:municipality:myki,GR,municipality,Myki,,,gr:administrative_region:east-macedonia-and-thrace,2,,
gr:municipality:mykonos,GR,municipality,Mykonos,,,gr:administrative_region:south-aegean,2,,
gr:municipality:mylopotamos,GR,municipality,Mylopotamos,,,gr:administrative_region:crete,2,,
gr:municipality:nafpaktia,GR,municipality,Nafpaktia,,,gr:administrative_region:west-greece,2,,
gr:municipality:nafplio,GR,municipality,Nafplio,,,gr:administrative_region:peloponnese,2,,
gr:municipality:naousa,GR,municipality,Naousa,,,gr:administrative_region:central-macedonia,2,,
gr:municipality:naxos-and-lesser-cyclades,GR,municipality,Naxos and Lesser Cyclades,,,gr:administrative_region:south-aegean,2,,
gr:municipality:nea-filadelfeia-nea-chalkidona,GR,municipality,Nea Filadelfeia-Nea Chalkidona,,,gr:administrative_region:attica,2,,
gr:municipality:nea-ionia,GR,municipality,Nea Ionia,,,gr:administrative_region:attica,2,,
gr:municipality:neapoli-sykies,GR,municipality,Neapoli-Sykies,,,gr:administrative_region:central-macedonia,2,,
gr:municipality:nea-propontida,GR,municipality,Nea Propontida,,,gr:administrative_region:central-macedonia,2,,
gr:municipality:nea-smyrni,GR,municipality,Nea Smyrni,,,gr:administrative_region:attica,2,,
gr:municipality:nea-zichni,GR,municipality,Nea Zichni,,,gr:administrative_region:central-macedonia,2,,
gr:municipality:nemea,GR,municipality,Nemea,,,gr:administrative_region:peloponnese,2,,
gr:municipality:nestorio,GR,municipality,Nestorio,,,gr:administrative_region:west-macedonia,2,,
gr:municipality:nestos,GR,municipality,Nestos,,,gr:administrative_region:east-macedonia-and-thrace,2,,
gr:municipality:nikaia-agios-ioannis-rentis,GR,municipality,Nikaia-Agios Ioannis Rentis,,,gr:administrative_region:attica,2,,
gr:municipality:nikolaos-skoufas,GR,municipality,Nikolaos Skoufas,,,gr:administrative_region:epirus,2,,
gr:municipality:nisyros,GR,municipality,Nisyros,,,gr:administrative_region:south-aegean,2,,
gr:municipality:north-kynouria,GR,municipality,North Kynouria,,,gr:administrative_region:peloponnese,2,,
gr:municipality:north-tzoumerka,GR,municipality,North Tzoumerka,,,gr:administrative_region:epirus,2,,
gr:municipality:oichalia,GR,municipality,Oichalia,,,gr:administrative_region:peloponnese,2,,
gr:municipality:oinousses,GR,municipality,Oinousses,,,gr:administrative_region:north-aegean,2,,
gr:municipality:archaia-olympia,GR,municipality,Archaia Olympia,,,gr:administrative_region:west-greece,2,,
gr:municipality:oraiokastro,GR,municipality,Oraiokastro,,,gr:administrative_region:central-macedonia,2,,
gr:municipality:orchomenos,GR,municipality,Orchomenos,,,gr:administrative_region:central-greece,2,,
gr:municipality:orestiada,GR,municipality,Orestiada,,,gr:administrative_region:east-macedonia-and-thrace,2,,
gr:municipality:oropedio-lasithiou,GR,municipality,Oropedio Lasithiou,,,gr:administrative_region:crete,2,,
gr:municipality:oropos,GR,municipality,Oropos,,,gr:administrative_region:attica,2,,
gr:municipality:paiania,GR,municipality,Paiania,,,gr:administrative_region:attica,2,,
gr:municipality:paionia,GR,municipality,Paionia,,,gr:administrative_region:central-macedonia,2,,
gr:municipality:palaio-faliro,GR,municipality,Palaio Faliro,,,gr:administrative_region:attica,2,,
gr:municipality:palamas,GR,municipality,Palamas,,,gr:administrative_region:thessaly,2,,
gr:municipality:pallini,GR,municipality,Pallini,,,gr:administrative_region:attica,2,,
gr:municipality:pangaio,GR,municipality,Pangaio,,,gr:administrative_region:east-macedonia-and-thrace,2,,
gr:municipality:papagou-cholargos,GR,municipality,Papagou-Cholargos,,,gr:administrative_region:attica,2,,
gr:municipality:paranesti,GR,municipality,Paranesti,,,gr:administrative_region:east-macedonia-and-thrace,2,,
gr:municipality:parga,GR,municipality,Parga,,,gr:administrative_region:epirus,2,,
gr:municipality:paros,GR,municipality,Paros,,,gr:administrative_region:south-aegean,2,,
gr:municipality:patmos,GR,municipality,Patmos,,,gr:administrative_region:south-aegean,2,,
gr:municipality:patras,GR,municipality,Patras,,,gr:administrative_region:west-greece,2,,
gr:municipality:pavlos-melas,GR,municipality,Pavlos Melas,,,gr:administrative_region:central-macedonia,2,,
gr:municipality:paxi,GR,municipality,Paxi,,,gr:administrative_region:ionian-islands,2,,
gr:municipality:pella,GR,municipality,Pella,,,gr:administrative_region:central-macedonia,2,,
gr:municipality:penteli,GR,municipality,Penteli,,,gr:administrative_region:attica,2,,
gr:municipality:perama,GR,municipality,Perama,,,gr:administrative_region:attica,2,,
gr:municipality:peristeri,GR,municipality,Peristeri,,,gr:administrative_region:attica,2,,
gr:municipality:petroupoli,GR,municipality,Petroupoli,,,gr:administrative_region:attica,2,,
gr:municipality:pineios,GR,municipality,Pineios,,,gr:administrative_region:west-greece,2,,
gr:municipality:piraeus,GR,municipality,Piraeus,,,gr:administrative_region:attica,2,,
gr:municipality:platanias,GR,municipality,Platanias,,,gr:administrative_region:crete,2,,
gr:municipality:pogoni,GR,municipality,Pogoni,,,gr:administrative_region:epirus,2,,
gr:municipality:polygyros,GR,municipality,Polygyros,,,gr:administrative_region:central-macedonia,2,,
gr:municipality:poros,GR,municipality,Poros,,,gr:administrative_region:attica,2,,
gr:municipality:prespes,GR,municipality,Prespes,,,gr:administrative_region:west-macedonia,2,,
gr:municipality:preveza,GR,municipality,Preveza,,,gr:administrative_region:epirus,2,,
gr:municipality:prosotsani,GR,municipality,Prosotsani,,,gr:administrative_region:east-macedonia-and-thrace,2,,
gr:municipality:psara,GR,municipality,Psara,,,gr:administrative_region:north-aegean,2,,
gr:municipality:pydna-kolindros,GR,municipality,Pydna-Kolindros,,,gr:administrative_region:central-macedonia,2,,
gr:municipality:pylaia-chortiatis,GR,municipality,Pylaia-Chortiatis,,,gr:administrative_region:central-macedonia,2,,
gr:municipality:pyli,GR,municipality,Pyli,,,gr:administrative_region:thessaly,2,,
gr:municipality:pylos-nestor,GR,municipality,Pylos-Nestor,,,gr:administrative_region:peloponnese,2,,
gr:municipality:pyrgos,GR,municipality,Pyrgos,,,gr:administrative_region:west-greece,2,,
gr:municipality:rafina-pikermi,GR,municipality,Rafina-Pikermi,,,gr:administrative_region:attica,2,,
gr:municipality:rethymno,GR,municipality,Rethymno,,,gr:administrative_region:crete,2,,
gr:municipality:rhodes,GR,municipality,Rhodes,,,gr:administrative_region:south-aegean,2,,
gr:municipality:rigas-feraios,GR,municipality,Rigas Feraios,,,gr:administrative_region:thessaly,2,,
gr:municipality:salamis-island,GR,municipality,Salamis Island,,,gr:administrative_region:attica,2,,
gr:municipality:east-samos,GR,municipality,East Samos,,,gr:administrative_region:north-aegean,2,,
gr:municipality:west-samos,GR,municipality,West Samos,,,gr:administrative_region:north-aegean,2,,
gr:municipality:samothrace,GR,municipality,Samothrace,,,gr:administrative_region:east-macedonia-and-thrace,2,,
gr:municipality:santorini,GR,municipality,Santorini,,,gr:administrative_region:south-aegean,2,,
gr:municipality:saronikos,GR,municipality,Saronikos,,,gr:administrative_region:attica,2,,
gr:municipality:serifos,GR,municipality,Serifos,,,gr:administrative_region:south-aegean,2,,
gr:municipality:serres,GR,municipality,Serres,,,gr:administrative_region:central-macedonia,2,,
gr:municipality:servia,GR,municipality,Servia,,,gr:administrative_region:west-macedonia,2,,
gr:municipality:velventos,GR,municipality,Velventos,,,gr:administrative_region:west-macedonia,2,,
gr:municipality:sfakia,GR,municipality,Sfakia,,,gr:administrative_region:crete,2,,
gr:municipality:sifnos,GR,municipality,Sifnos,,,gr:administrative_region:south-aegean,2,,
gr:municipality:sikinos,GR,municipality,Sikinos,,,gr:administrative_region:south-aegean,2,,
gr:municipality:sikyona,GR,municipality,Sikyona,,,gr:administrative_region:peloponnese,2,,
gr:municipality:sintiki,GR,municipality,Sintiki,,,gr:administrative_region:central-macedonia,2,,
gr:municipality:sithonia,GR,municipality,Sithonia,,,gr:administrative_region:central-macedonia,2,,
gr:municipality:sitia,GR,municipality,Sitia,,,gr:administrative_region:crete,2,,
gr:municipality:skiathos,GR,municipality,Skiathos,,,gr:administrative_region:thessaly,2,,
gr:municipality:skopelos,GR,municipality,Skopelos,,,gr:administrative_region:thessaly,2,,
gr:municipality:skydra,GR,municipality,Skydra,,,gr:administrative_region:central-macedonia,2,,
gr:municipality:skyros,GR,municipality,Skyros,,,gr:administrative_region:central-greece,2,,
gr:municipality:sofades,GR,municipality,Sofades,,,gr:administrative_region:thessaly,2,,
gr:municipality:soufli,GR,municipality,Soufli,,,gr:administrative_region:east-macedonia-and-thrace,2,,
gr:municipality:souli,GR,municipality,Souli,,,gr:administrative_region:epirus,2,,
gr:municipality:south-kynouria,GR,municipality,South Kynouria,,,gr:administrative_region:peloponnese,2,,
gr:municipality:south-pelion,GR,municipality,South Pelion,,,gr:administrative_region:thessaly,2,,
gr:municipality:sparta,GR,municipality,Sparta,,,gr:administrative_region:peloponnese,2,,
gr:municipality:spata-artemida,GR,municipality,Spata-Artemida,,,gr:administrative_region:attica,2,,
gr:municipality:spetses,GR,municipality,Spetses,,,gr:administrative_region:attica,2,,
gr:municipality:stylida,GR,municipality,Stylida,,,gr:administrative_region:central-greece,2,,
gr:municipality:symi,GR,municipality,Symi,,,gr:administrative_region:south-aegean,2,,
gr:municipality:syros-ermoupoli,GR,municipality,Syros-Ermoupoli,,,gr:administrative_region:south-aegean,2,,
gr:municipality:tanagra,GR,municipality,Tanagra,,,gr:administrative_region:central-greece,2,,
gr:municipality:tempi,GR,municipality,Tempi,,,gr:administrative_region:thessaly,2,,
gr:municipality:thasos,GR,municipality,Thasos,,,gr:administrative_region:east-macedonia-and-thrace,2,,
gr:municipality:thebes,GR,municipality,Thebes,,,gr:administrative_region:central-greece,2,,
gr:municipality:thermaikos,GR,municipality,Thermaikos,,,gr:administrative_region:central-macedonia,2,,
gr:municipality:thermi,GR,municipality,Thermi,,,gr:administrative_region:central-macedonia,2,,
gr:municipality:thermo,GR,municipality,Thermo,,,gr:administrative_region:west-greece,2,,
gr:municipality:thessaloniki,GR,municipality,Thessaloniki,,,gr:administrative_region:central-macedonia,2,,
gr:municipality:tilos,GR,municipality,Tilos,,,gr:administrative_region:south-aegean,2,,
gr:municipality:tinos,GR,municipality,Tinos,,,gr:administrative_region:south-aegean,2,,
gr:municipality:topeiros,GR,municipality,Topeiros,,,gr:administrative_region:east-macedonia-and-thrace,2,,
gr:municipality:trifylia,GR,municipality,Trifylia,,,gr:administrative_region:peloponnese,2,,
gr:municipality:trikala,GR,municipality,Trikala,,,gr:administrative_region:thessaly,2,,
gr:municipality:tripoli,GR,municipality,Tripoli,,,gr:administrative_region:peloponnese,2,,
gr:municipality:troizinia-methana,GR,municipality,Troizinia-Methana,,,gr:administrative_region:attica,2,,
gr:municipality:tyrnavos,GR,municipality,Tyrnavos,,,gr:administrative_region:thessaly,2,,
gr:municipality:vari-voula-vouliagmeni,GR,municipality,Vari-Voula-Vouliagmeni,,,gr:administrative_region:attica,2,,
gr:municipality:velo-vocha,GR,municipality,Velo-Vocha,,,gr:administrative_region:peloponnese,2,,
gr:municipality:veria,GR,municipality,Veria,,,gr:administrative_region:central-macedonia,2,,
gr:municipality:viannos,GR,municipality,Viannos,,,gr:administrative_region:crete,2,,
gr:municipality:visaltia,GR,municipality,Visaltia,,,gr:administrative_region:central-macedonia,2,,
gr:municipality:voio,GR,municipality,Voio,,,gr:administrative_region:west-macedonia,2,,
gr:municipality:volos,GR,municipality,Volos,,,gr:administrative_region:thessaly,2,,
gr:municipality:volvi,GR,municipality,Volvi,,,gr:administrative_region:central-macedonia,2,,
gr:municipality:vrilissia,GR,municipality,Vrilissia,,,gr:administrative_region:attica,2,,
gr:municipality:vyronas,GR,municipality,Vyronas,,,gr:administrative_region:attica,2,,
gr:municipality:west-achaea,GR,municipality,West Achaea,,,gr:administrative_region:west-greece,2,,
gr:municipality:west-mani,GR,municipality,West Mani,,,gr:administrative_region:peloponnese,2,,
gr:municipality:xanthi,GR,municipality,Xanthi,,,gr:administrative_region:east-macedonia-and-thrace,2,,
gr:municipality:xiromero,GR,municipality,Xiromero,,,gr:administrative_region:west-greece,2,,
gr:municipality:xylokastro-evrostina,GR,municipality,Xylokastro-Evrostina,,,gr:administrative_region:peloponnese,2,,
gr:municipality:zacharo,GR,municipality,Zacharo,,,gr:administrative_region:west-greece,2,,
gr:municipality:zagora-mouresi,GR,municipality,Zagora-Mouresi,,,gr:administrative_region:thessaly,2,,
gr:municipality:zagori,GR,municipality,Zagori,,,gr:administrative_region:epirus,2,,
gr:municipality:zakynthos,GR,municipality,Zakynthos,,,gr:administrative_region:ionian-islands,2,,
gr:municipality:ziros,GR,municipality,Ziros,,,gr:administrative_region:epirus,2,,
gr:municipality:zitsa,GR,municipality,Zitsa,,,gr:administrative_region:epirus,2,,
gr:municipality:zografou,GR,municipality,Zografou,,,gr:administrative_region:attica,2,,
