country_code,code
MY,01000
MY,01007
MY,01009
MY,01500
MY,01502
MY,01503
MY,01504
MY,01505
MY,01506
MY,01508
MY,01512
MY,01514
MY,01516
MY,01517
MY,01518
MY,01524
MY,01529
MY,01532
MY,01538
MY,01540
MY,01546
MY,01550
MY,01551
MY,01556
MY,01560
MY,01564
MY,01570
MY,01572
MY,01576
MY,01578
MY,01582
MY,01586
MY,01590
MY,01592
MY,01594
MY,01596
MY,01598
MY,01600
MY,01604
MY,01606
MY,01608
MY,01609
MY,01610
MY,01612
MY,01614
MY,01620
MY,01622
MY,01626
MY,01628
MY,01630
MY,01632
MY,01634
MY,01644
MY,01646
MY,01648
MY,01660
MY,01664
MY,01670
MY,01672
MY,01673
MY,01674
MY,01676
MY,01680
MY,01694
MY,02000
MY,02100
MY,02200
MY,02400
MY,02450
MY,02500
MY,02600
MY,02607
MY,02609
MY,02700
MY,02707
MY,02709
MY,02800
MY,05000
MY,05050
MY,05100
MY,05150
MY,05200
MY,05250
MY,05300
MY,05350
MY,05400
MY,05450
MY,05460
MY,05500
MY,05502
MY,05503
MY,05504
MY,05505
MY,05506
MY,05508
MY,05512
MY,05514
MY,05516
MY,05517
MY,05518
MY,05520
MY,05532
MY,05534
MY,05536
MY,05538
MY,05550
MY,05551
MY,05552
MY,05556
MY,05558
MY,05560
MY,05564
MY,05576
MY,05578
MY,05580
MY,05582
MY,05586
MY,05590
MY,05592
MY,05594
MY,05600
MY,05604
MY,05610
MY,05612
MY,05614
MY,05620
MY,05621
MY,05622
MY,05626
MY,05628
MY,05630
MY,05632
MY,05644
MY,05660
MY,05661
MY,05664
MY,05670
MY,05672
MY,05673
MY,05674
MY,05675
MY,05676
MY,05680
MY,05690
MY,05696
MY,05700
MY,05710
MY,05720
MY,05990
MY,06000
MY,06007
MY,06009
MY,06010
MY,06050
MY,06100
MY,06150
MY,06200
MY,06207
MY,06209
MY,06250
MY,06300
MY,06350
MY,06400
MY,06500
MY,06507
MY,06509
MY,06550
MY,06570
MY,06600
MY,06650
MY,06660
MY,06680
MY,06700
MY,06707
MY,06709
MY,06710
MY,06720
MY,06750
MY,06760
MY,06800
MY,06900
MY,06910
MY,07000
MY,07007
MY,07009
MY,07100
MY,08000
MY,08007
MY,08009
MY,08010
MY,08100
MY,08110
MY,08200
MY,08210
MY,08300
MY,08320
MY,08330
MY,08340
MY,08400
MY,08407
MY,08409
MY,08500
MY,08507
MY,08509
MY,08600
MY,08700
MY,08800
MY,09000
MY,09007
MY,09009
MY,09010
MY,09020
MY,09090
MY,09100
MY,09110
MY,09120
MY,09130
MY,09200
MY,09300
MY,09310
MY,09400
MY,09410
MY,09600
MY,09700
MY,09800
MY,09810
MY,10000
MY,10050
MY,10100
MY,10150
MY,10200
MY,10250
MY,10300
MY,10350
MY,10400
MY,10450
MY,10460
MY,10470
MY,10500
MY,10502
MY,10503
MY,10504
MY,10505
MY,10506
MY,10508
MY,10512
MY,10514
MY,10516
MY,10518
MY,10524
MY,10534
MY,10538
MY,10540
MY,10542
MY,10546
MY,10550
MY,10551
MY,10552
MY,10558
MY,10560
MY,10564
MY,10566
MY,10570
MY,10576
MY,10578
MY,10582
MY,10590
MY,10592
MY,10593
MY,10594
MY,10596
MY,10600
MY,10604
MY,10609
MY,10610
MY,10612
MY,10620
MY,10622
MY,10626
MY,10628
MY,10634
MY,10646
MY,10648
MY,10660
MY,10661
MY,10662
MY,10670
MY,10672
MY,10673
MY,10674
MY,10676
MY,10690
MY,10710
MY,10720
MY,10730
MY,10740
MY,10750
MY,10760
MY,10770
MY,10780
MY,10790
MY,10800
MY,10810
MY,10820
MY,10830
MY,10840
MY,10850
MY,10910
MY,10920
MY,10990
MY,11000
MY,11010
MY,11020
MY,11050
MY,11060
MY,11100
MY,11200
MY,11300
MY,11400
MY,11409
MY,11500
MY,11600
MY,11609
MY,11700
MY,11800
MY,11900
MY,11910
MY,11920
MY,11950
MY,11960
MY,12000
MY,12100
MY,12200
MY,12300
MY,12700
MY,12710
MY,12720
MY,12990
MY,13000
MY,13009
MY,13020
MY,13050
MY,13100
MY,13110
MY,13200
MY,13210
MY,13220
MY,13300
MY,13310
MY,13400
MY,13409
MY,13500
MY,13600
MY,13700
MY,13800
MY,14000
MY,14007
MY,14009
MY,14020
MY,14100
MY,14101
MY,14110
MY,14120
MY,14200
MY,14290
MY,14300
MY,14310
MY,14320
MY,14390
MY,14400
MY,15000
MY,15050
MY,15100
MY,15150
MY,15159
MY,15160
MY,15200
MY,15300
MY,15350
MY,15400
MY,15500
MY,15502
MY,15503
MY,15504
MY,15505
MY,15506
MY,15508
MY,15512
MY,15514
MY,15516
MY,15517
MY,15518
MY,15519
MY,15520
MY,15524
MY,15529
MY,15532
MY,15534
MY,15536
MY,15538
MY,15540
MY,15546
MY,15548
MY,15550
MY,15551
MY,15556
MY,15558
MY,15560
MY,15564
MY,15570
MY,15572
MY,15576
MY,15578
MY,15582
MY,15586
MY,15590
MY,15592
MY,15594
MY,15596
MY,15600
MY,15604
MY,15606
MY,15608
MY,15609
MY,15610
MY,15612
MY,15614
MY,15616
MY,15620
MY,15622
MY,15623
MY,15624
MY,15626
MY,15628
MY,15630
MY,15632
MY,15634
MY,15644
MY,15646
MY,15648
MY,15658
MY,15660
MY,15661
MY,15662
MY,15664
MY,15670
MY,15672
MY,15673
MY,15674
MY,15676
MY,15680
MY,15690
MY,15700
MY,15710
MY,15720
MY,15730
MY,15740
MY,15988
MY,15990
MY,16010
MY,16020
MY,16030
MY,16040
MY,16050
MY,16060
MY,16070
MY,16080
MY,16090
MY,16100
MY,16109
MY,16150
MY,16200
MY,16210
MY,16250
MY,16266
MY,16300
MY,16310
MY,16320
MY,16350
MY,16370
MY,16390
MY,16400
MY,16450
MY,16500
MY,16600
MY,16700
MY,16800
MY,16810
MY,17000
MY,17007
MY,17009
MY,17010
MY,17020
MY,17030
MY,17040
MY,17050
MY,17060
MY,17070
MY,17200
MY,17500
MY,17507
MY,17509
MY,17510
MY,17520
MY,17599
MY,17600
MY,17610
MY,17700
MY,18000
MY,18020
MY,18050
MY,18200
MY,18300
MY,18400
MY,18500
MY,20000
MY,20050
MY,20080
MY,20100
MY,20200
MY,20300
MY,20400
MY,20500
MY,20502
MY,20503
MY,20504
MY,20505
MY,20506
MY,20508
MY,20512
MY,20514
MY,20516
MY,20517
MY,20518
MY,20519
MY,20520
MY,20532
MY,20534
MY,20536
MY,20538
MY,20540
MY,20542
MY,20546
MY,20548
MY,20550
MY,20551
MY,20552
MY,20554
MY,20556
MY,20560
MY,20564
MY,20566
MY,20568
MY,20570
MY,20572
MY,20576
MY,20578
MY,20582
MY,20586
MY,20590
MY,20592
MY,20596
MY,20600
MY,20604
MY,20606
MY,20608
MY,20609
MY,20610
MY,20612
MY,20614
MY,20618
MY,20620
MY,20622
MY,20626
MY,20628
MY,20630
MY,20632
MY,20646
MY,20648
MY,20656
MY,20658
MY,20660
MY,20661
MY,20662
MY,20664
MY,20668
MY,20670
MY,20672
MY,20673
MY,20674
MY,20676
MY,20680
MY,20690
MY,20698
MY,20700
MY,20710
MY,20720
MY,20900
MY,20902
MY,20904
MY,20906
MY,20908
MY,20910
MY,20912
MY,20914
MY,20916
MY,20918
MY,20920
MY,20922
MY,20924
MY,20926
MY,20928
MY,20930
MY,20990
MY,20999
MY,21000
MY,21009
MY,21010
MY,21020
MY,21030
MY,21040
MY,21050
MY,21060
MY,21070
MY,21080
MY,21090
MY,21100
MY,21109
MY,21200
MY,21209
MY,21210
MY,21220
MY,21300
MY,21309
MY,21400
MY,21450
MY,21500
MY,21600
MY,21610
MY,21700
MY,21800
MY,21810
MY,21820
MY,22000
MY,22010
MY,22020
MY,22030
MY,22040
MY,22100
MY,22107
MY,22109
MY,22110
MY,22120
MY,22200
MY,22300
MY,22307
MY,22309
MY,23000
MY,23007
MY,23009
MY,23050
MY,23100
MY,23200
MY,23300
MY,23345
MY,23400
MY,24000
MY,24007
MY,24009
MY,24010
MY,24020
MY,24030
MY,24040
MY,24050
MY,24060
MY,24100
MY,24107
MY,24109
MY,24200
MY,24207
MY,24209
MY,24210
MY,24220
MY,24300
MY,25000
MY,25020
MY,25040
MY,25050
MY,25100
MY,25150
MY,25200
MY,25250
MY,25300
MY,25320
MY,25350
MY,25500
MY,25502
MY,25503
MY,25504
MY,25505
MY,25506
MY,25508
MY,25509
MY,25512
MY,25514
MY,25516
MY,25517
MY,25518
MY,25520
MY,25524
MY,25529
MY,25532
MY,25534
MY,25536
MY,25538
MY,25540
MY,25546
MY,25548
MY,25550
MY,25551
MY,25552
MY,25556
MY,25558
MY,25560
MY,25564
MY,25570
MY,25576
MY,25578
MY,25582
MY,25584
MY,25586
MY,25590
MY,25592
MY,25594
MY,25596
MY,25598
MY,25600
MY,25604
MY,25606
MY,25608
MY,25609
MY,25610
MY,25612
MY,25614
MY,25620
MY,25622
MY,25626
MY,25628
MY,25630
MY,25632
MY,25644
MY,25646
MY,25648
MY,25656
MY,25660
MY,25661
MY,25662
MY,25670
MY,25672
MY,25673
MY,25674
MY,25676
MY,25690
MY,25700
MY,25710
MY,25720
MY,25730
MY,25740
MY,25750
MY,25990
MY,26000
MY,26010
MY,26040
MY,26050
MY,26060
MY,26070
MY,26080
MY,26090
MY,26100
MY,26140
MY,26150
MY,26180
MY,26190
MY,26200
MY,26250
MY,26300
MY,26310
MY,26320
MY,26330
MY,26340
MY,26350
MY,26360
MY,26370
MY,26400
MY,26410
MY,26420
MY,26430
MY,26440
MY,26450
MY,26460
MY,26485
MY,26490
MY,26500
MY,26600
MY,26607
MY,26609
MY,26610
MY,26620
MY,26630
MY,26640
MY,26650
MY,26660
MY,26680
MY,26690
MY,26700
MY,26800
MY,26810
MY,26820
MY,26900
MY,26999
MY,27000
MY,27010
MY,27020
MY,27030
MY,27040
MY,27050
MY,27060
MY,27070
MY,27080
MY,27090
MY,27100
MY,27150
MY,27200
MY,27207
MY,27209
MY,27210
MY,27300
MY,27310
MY,27400
MY,27500
MY,27600
MY,27607
MY,27609
MY,27610
MY,27620
MY,27630
MY,27650
MY,27660
MY,27670
MY,28000
MY,28007
MY,28009
MY,28010
MY,28020
MY,28030
MY,28040
MY,28050
MY,28100
MY,28200
MY,28300
MY,28310
MY,28320
MY,28330
MY,28340
MY,28350
MY,28380
MY,28400
MY,28407
MY,28409
MY,28500
MY,28600
MY,28610
MY,28620
MY,28700
MY,28707
MY,28709
MY,28730
MY,28740
MY,28750
MY,28800
MY,30000
MY,30010
MY,30020
MY,30100
MY,30200
MY,30205
MY,30250
MY,30300
MY,30350
MY,30400
MY,30450
MY,30500
MY,30502
MY,30503
MY,30504
MY,30505
MY,30506
MY,30508
MY,30510
MY,30512
MY,30516
MY,30517
MY,30518
MY,30519
MY,30520
MY,30524
MY,30532
MY,30534
MY,30536
MY,30540
MY,30542
MY,30546
MY,30548
MY,30550
MY,30551
MY,30552
MY,30554
MY,30556
MY,30560
MY,30564
MY,30570
MY,30576
MY,30580
MY,30582
MY,30586
MY,30590
MY,30592
MY,30594
MY,30596
MY,30600
MY,30604
MY,30606
MY,30609
MY,30610
MY,30612
MY,30614
MY,30620
MY,30621
MY,30622
MY,30626
MY,30628
MY,30630
MY,30632
MY,30634
MY,30644
MY,30646
MY,30648
MY,30656
MY,30658
MY,30660
MY,30661
MY,30662
MY,30664
MY,30668
MY,30670
MY,30673
MY,30674
MY,30676
MY,30682
MY,30690
MY,30700
MY,30710
MY,30720
MY,30730
MY,30740
MY,30750
MY,30760
MY,30770
MY,30780
MY,30790
MY,30800
MY,30810
MY,30820
MY,30830
MY,30840
MY,30900
MY,30902
MY,30904
MY,30906
MY,30908
MY,30910
MY,30912
MY,30988
MY,30990
MY,31000
MY,31007
MY,31009
MY,31050
MY,31100
MY,31120
MY,31150
MY,31199
MY,31200
MY,31250
MY,31300
MY,31350
MY,31400
MY,31407
MY,31409
MY,31450
MY,31500
MY,31550
MY,31560
MY,31600
MY,31610
MY,31650
MY,31672
MY,31700
MY,31750
MY,31800
MY,31850
MY,31900
MY,31907
MY,31909
MY,31910
MY,31920
MY,31950
MY,32000
MY,32010
MY,32020
MY,32040
MY,32050
MY,32100
MY,32200
MY,32300
MY,32400
MY,32500
MY,32600
MY,32610
MY,32700
MY,32800
MY,32810
MY,32900
MY,32999
MY,33000
MY,33007
MY,33009
MY,33010
MY,33020
MY,33030
MY,33040
MY,33100
MY,33200
MY,33300
MY,33310
MY,33320
MY,33400
MY,33410
MY,33420
MY,33500
MY,33600
MY,33700
MY,33800
MY,34000
MY,34007
MY,34008
MY,34009
MY,34010
MY,34020
MY,34030
MY,34100
MY,34120
MY,34130
MY,34140
MY,34200
MY,34250
MY,34300
MY,34310
MY,34350
MY,34400
MY,34500
MY,34510
MY,34520
MY,34600
MY,34650
MY,34700
MY,34750
MY,34800
MY,34850
MY,34900
MY,34910
MY,34950
MY,35000
MY,35007
MY,35009
MY,35300
MY,35350
MY,35400
MY,35500
MY,35600
MY,35700
MY,35800
MY,35820
MY,35900
MY,35907
MY,35909
MY,35910
MY,35950
MY,36000
MY,36007
MY,36008
MY,36009
MY,36010
MY,36020
MY,36030
MY,36100
MY,36110
MY,36200
MY,36207
MY,36209
MY,36300
MY,36307
MY,36309
MY,36400
MY,36500
MY,36600
MY,36700
MY,36750
MY,36800
MY,36810
MY,39000
MY,39007
MY,39009
MY,39010
MY,39100
MY,39200
MY,40000
MY,40100
MY,40140
MY,40150
MY,40160
MY,40169
MY,40170
MY,40179
MY,40200
MY,40250
MY,40300
MY,40350
MY,40400
MY,40409
MY,40410
MY,40440
MY,40450
MY,40460
MY,40470
MY,40490
MY,40500
MY,40502
MY,40503
MY,40505
MY,40512
MY,40517
MY,40520
MY,40529
MY,40542
MY,40548
MY,40550
MY,40551
MY,40560
MY,40564
MY,40570
MY,40572
MY,40576
MY,40578
MY,40582
MY,40590
MY,40592
MY,40594
MY,40596
MY,40598
MY,40600
MY,40604
MY,40607
MY,40608
MY,40610
MY,40612
MY,40620
MY,40622
MY,40626
MY,40630
MY,40632
MY,40646
MY,40648
MY,40650
MY,40660
MY,40664
MY,40670
MY,40672
MY,40673
MY,40674
MY,40675
MY,40676
MY,40680
MY,40690
MY,40700
MY,40702
MY,40704
MY,40706
MY,40708
MY,40710
MY,40712
MY,40714
MY,40716
MY,40718
MY,40720
MY,40722
MY,40724
MY,40726
MY,40728
MY,40730
MY,40732
MY,40800
MY,40802
MY,40804
MY,40806
MY,40808
MY,40810
MY,40900
MY,40912
MY,40915
MY,40990
MY,41000
MY,41050
MY,41070
MY,41100
MY,41150
MY,41160
MY,41200
MY,41205
MY,41250
MY,41299
MY,41300
MY,41301
MY,41400
MY,41500
MY,41506
MY,41560
MY,41586
MY,41600
MY,41670
MY,41672
MY,41700
MY,41710
MY,41720
MY,41730
MY,41750
MY,41780
MY,41900
MY,41902
MY,41904
MY,41906
MY,41908
MY,41910
MY,41912
MY,41914
MY,41916
MY,41918
MY,41990
MY,42000
MY,42007
MY,42008
MY,42009
MY,42100
MY,42150
MY,42200
MY,42209
MY,42300
MY,42425
MY,42450
MY,42500
MY,42507
MY,42509
MY,42600
MY,42610
MY,42619
MY,42700
MY,42800
MY,42900
MY,42907
MY,42920
MY,42940
MY,42960
MY,42999
MY,43000
MY,43007
MY,43009
MY,43100
MY,43200
MY,43207
MY,43300
MY,43399
MY,43400
MY,43500
MY,43558
MY,43600
MY,43650
MY,43700
MY,43701
MY,43800
MY,43807
MY,43900
MY,43950
MY,43999
MY,44000
MY,44010
MY,44020
MY,44100
MY,44110
MY,44200
MY,44300
MY,44309
MY,44330
MY,45000
MY,45010
MY,45100
MY,45200
MY,45207
MY,45209
MY,45300
MY,45400
MY,45500
MY,45600
MY,45607
MY,45609
MY,45620
MY,45630
MY,45700
MY,45800
MY,46000
MY,46040
MY,46050
MY,46080
MY,46100
MY,46150
MY,46160
MY,46200
MY,46300
MY,46350
MY,46400
MY,46460
MY,46500
MY,46505
MY,46506
MY,46510
MY,46547
MY,46549
MY,46551
MY,46564
MY,46582
MY,46598
MY,46662
MY,46667
MY,46668
MY,46672
MY,46675
MY,46692
MY,46700
MY,46710
MY,46720
MY,46730
MY,46740
MY,46750
MY,46760
MY,46770
MY,46780
MY,46781
MY,46782
MY,46783
MY,46784
MY,46785
MY,46786
MY,46787
MY,46788
MY,46789
MY,46790
MY,46791
MY,46792
MY,46793
MY,46794
MY,46795
MY,46796
MY,46797
MY,46798
MY,46799
MY,46800
MY,46801
MY,46802
MY,46803
MY,46804
MY,46805
MY,46806
MY,46860
MY,46870
MY,46960
MY,46962
MY,46964
MY,46966
MY,46968
MY,46970
MY,46972
MY,46974
MY,46976
MY,46978
MY,46990
MY,47000
MY,47020
MY,47031
MY,47100
MY,47110
MY,47120
MY,47130
MY,47140
MY,47150
MY,47160
MY,47170
MY,47180
MY,47190
MY,47200
MY,47210
MY,47300
MY,47301
MY,47304
MY,47307
MY,47308
MY,47309
MY,47310
MY,47400
MY,47410
MY,47430
MY,47500
MY,47507
MY,47510
MY,47600
MY,47601
MY,47610
MY,47618
MY,47620
MY,47630
MY,47640
MY,47650
MY,47800
MY,47801
MY,47810
MY,47820
MY,47829
MY,47830
MY,47850
MY,48000
MY,48009
MY,48010
MY,48020
MY,48050
MY,48100
MY,48200
MY,48250
MY,48300
MY,48302
MY,49000
MY,50000
MY,50050
MY,50088
MY,50100
MY,50150
MY,50200
MY,50250
MY,50300
MY,50350
MY,50400
MY,50420
MY,50450
MY,50460
MY,50470
MY,50480
MY,50489
MY,50490
MY,50500
MY,50502
MY,50504
MY,50505
MY,50506
MY,50507
MY,50508
MY,50512
MY,50514
MY,50515
MY,50519
MY,50528
MY,50529
MY,50530
MY,50532
MY,50534
MY,50536
MY,50538
MY,50540
MY,50544
MY,50546
MY,50548
MY,50550
MY,50551
MY,50552
MY,50554
MY,50556
MY,50560
MY,50562
MY,50564
MY,50566
MY,50568
MY,50572
MY,50576
MY,50578
MY,50580
MY,50582
MY,50586
MY,50588
MY,50590
MY,50592
MY,50594
MY,50596
MY,50598
MY,50599
MY,50600
MY,50603
MY,50604
MY,50605
MY,50608
MY,50609
MY,50610
MY,50612
MY,50614
MY,50620
MY,50621
MY,50622
MY,50623
MY,50626
MY,50630
MY,50632
MY,50634
MY,50636
MY,50638
MY,50640
MY,50642
MY,50644
MY,50646
MY,50648
MY,50650
MY,50652
MY,50653
MY,50656
MY,50658
MY,50660
MY,50661
MY,50662
MY,50664
MY,50666
MY,50668
MY,50670
MY,50672
MY,50673
MY,50674
MY,50676
MY,50677
MY,50678
MY,50680
MY,50682
MY,50684
MY,50688
MY,50694
MY,50700
MY,50702
MY,50704
MY,50706
MY,50708
MY,50710
MY,50712
MY,50714
MY,50716
MY,50718
MY,50720
MY,50722
MY,50724
MY,50726
MY,50728
MY,50730
MY,50732
MY,50734
MY,50736
MY,50738
MY,50740
MY,50742
MY,50744
MY,50746
MY,50748
MY,50750
MY,50752
MY,50754
MY,50758
MY,50760
MY,50762
MY,50764
MY,50766
MY,50768
MY,50770
MY,50772
MY,50774
MY,50776
MY,50778
MY,50780
MY,50782
MY,50784
MY,50786
MY,50788
MY,50790
MY,50792
MY,50794
MY,50796
MY,50798
MY,50800
MY,50802
MY,50804
MY,50806
MY,50808
MY,50810
MY,50812
MY,50814
MY,50816
MY,50818
MY,50901
MY,50902
MY,50903
MY,50904
MY,50906
MY,50907
MY,50908
MY,50909
MY,50910
MY,50911
MY,50912
MY,50913
MY,50914
MY,50915
MY,50916
MY,50917
MY,50918
MY,50919
MY,50920
MY,50921
MY,50922
MY,50923
MY,50924
MY,50925
MY,50926
MY,50927
MY,50928
MY,50929
MY,50930
MY,50931
MY,50932
MY,50933
MY,50934
MY,50935
MY,50936
MY,50937
MY,50938
MY,50939
MY,50940
MY,50941
MY,50942
MY,50943
MY,50944
MY,50945
MY,50946
MY,50947
MY,50948
MY,50949
MY,50950
MY,50988
MY,50989
MY,50990
MY,51000
MY,51100
MY,51200
MY,51300
MY,51640
MY,51700
MY,51800
MY,51900
MY,51990
MY,52000
MY,52100
MY,52109
MY,52200
MY,52210
MY,52220
MY,53000
MY,53100
MY,53200
MY,53300
MY,53500
MY,53700
MY,53800
MY,53990
MY,54000
MY,54050
MY,54100
MY,54200
MY,54540
MY,55000
MY,55100
MY,55188
MY,55200
MY,55220
MY,55300
MY,55330
MY,55555
MY,55700
MY,55710
MY,55720
MY,55900
MY,55902
MY,55904
MY,55906
MY,55908
MY,55910
MY,55912
MY,55914
MY,55916
MY,55918
MY,55920
MY,55922
MY,55924
MY,55926
MY,55928
MY,55930
MY,55932
MY,55934
MY,55990
MY,56000
MY,56100
MY,57000
MY,57100
MY,57200
MY,57700
MY,57990
MY,58000
MY,58100
MY,58200
MY,58209
MY,58700
MY,58990
MY,59000
MY,59001
MY,59100
MY,59200
MY,59206
MY,59700
MY,59800
MY,59990
MY,60000
MY,62000
MY,62007
MY,62050
MY,62052
MY,62100
MY,62150
MY,62200
MY,62250
MY,62300
MY,62500
MY,62502
MY,62503
MY,62504
MY,62505
MY,62506
MY,62510
MY,62512
MY,62514
MY,62516
MY,62517
MY,62518
MY,62519
MY,62520
MY,62522
MY,62524
MY,62526
MY,62527
MY,62529
MY,62530
MY,62532
MY,62536
MY,62539
MY,62540
MY,62542
MY,62546
MY,62550
MY,62551
MY,62570
MY,62574
MY,62576
MY,62578
MY,62582
MY,62584
MY,62590
MY,62592
MY,62594
MY,62596
MY,62602
MY,62604
MY,62605
MY,62606
MY,62616
MY,62618
MY,62620
MY,62623
MY,62624
MY,62628
MY,62630
MY,62632
MY,62648
MY,62652
MY,62654
MY,62657
MY,62662
MY,62668
MY,62670
MY,62674
MY,62675
MY,62676
MY,62677
MY,62686
MY,62690
MY,62692
MY,62988
MY,63000
MY,63100
MY,63200
MY,63300
MY,64000
MY,68000
MY,68100
MY,69000
MY,70000
MY,70100
MY,70200
MY,70300
MY,70400
MY,70450
MY,70500
MY,70502
MY,70503
MY,70504
MY,70505
MY,70506
MY,70508
MY,70512
MY,70516
MY,70517
MY,70518
MY,70532
MY,70534
MY,70536
MY,70540
MY,70546
MY,70548
MY,70550
MY,70551
MY,70558
MY,70560
MY,70564
MY,70570
MY,70572
MY,70576
MY,70578
MY,70582
MY,70586
MY,70590
MY,70592
MY,70594
MY,70596
MY,70600
MY,70604
MY,70606
MY,70608
MY,70609
MY,70610
MY,70620
MY,70626
MY,70628
MY,70632
MY,70634
MY,70644
MY,70646
MY,70648
MY,70658
MY,70664
MY,70670
MY,70672
MY,70673
MY,70674
MY,70676
MY,70690
MY,70700
MY,70710
MY,70720
MY,70730
MY,70740
MY,70750
MY,70990
MY,71000
MY,71007
MY,71009
MY,71010
MY,71050
MY,71059
MY,71100
MY,71109
MY,71150
MY,71159
MY,71200
MY,71209
MY,71250
MY,71259
MY,71300
MY,71309
MY,71350
MY,71359
MY,71400
MY,71409
MY,71450
MY,71459
MY,71500
MY,71509
MY,71550
MY,71559
MY,71600
MY,71609
MY,71650
MY,71659
MY,71700
MY,71707
MY,71709
MY,71750
MY,71759
MY,71760
MY,71770
MY,71800
MY,71807
MY,71809
MY,71850
MY,71900
MY,71907
MY,71909
MY,71950
MY,71960
MY,71999
MY,72000
MY,72007
MY,72009
MY,72100
MY,72107
MY,72109
MY,72120
MY,72127
MY,72129
MY,72200
MY,72207
MY,72209
MY,72300
MY,72307
MY,72309
MY,72400
MY,72409
MY,72500
MY,72507
MY,72509
MY,73000
MY,73007
MY,73009
MY,73100
MY,73109
MY,73200
MY,73207
MY,73209
MY,73300
MY,73309
MY,73400
MY,73409
MY,73410
MY,73420
MY,73430
MY,73440
MY,73450
MY,73460
MY,73470
MY,73480
MY,73500
MY,73507
MY,73509
MY,75000
MY,75050
MY,75100
MY,75150
MY,75200
MY,75250
MY,75260
MY,75300
MY,75350
MY,75400
MY,75430
MY,75450
MY,75460
MY,75500
MY,75502
MY,75503
MY,75504
MY,75505
MY,75506
MY,75508
MY,75510
MY,75512
MY,75514
MY,75516
MY,75517
MY,75518
MY,75519
MY,75532
MY,75536
MY,75538
MY,75540
MY,75542
MY,75546
MY,75550
MY,75551
MY,75552
MY,75560
MY,75564
MY,75566
MY,75570
MY,75572
MY,75576
MY,75578
MY,75582
MY,75584
MY,75586
MY,75590
MY,75592
MY,75594
MY,75596
MY,75600
MY,75604
MY,75606
MY,75608
MY,75609
MY,75610
MY,75612
MY,75618
MY,75620
MY,75622
MY,75626
MY,75628
MY,75630
MY,75632
MY,75646
MY,75648
MY,75662
MY,75670
MY,75672
MY,75673
MY,75674
MY,75676
MY,75690
MY,75700
MY,75710
MY,75720
MY,75730
MY,75740
MY,75750
MY,75760
MY,75900
MY,75902
MY,75904
MY,75906
MY,75908
MY,75910
MY,75912
MY,75914
MY,75916
MY,75918
MY,75990
MY,76100
MY,76109
MY,76200
MY,76300
MY,76400
MY,76409
MY,76450
MY,77000
MY,77007
MY,77008
MY,77009
MY,77100
MY,77109
MY,77200
MY,77300
MY,77309
MY,77400
MY,77409
MY,77500
MY,78000
MY,78009
MY,78100
MY,78200
MY,78300
MY,78307
MY,78309
MY,79000
MY,79050
MY,79100
MY,79150
MY,79200
MY,79250
MY,79502
MY,79503
MY,79504
MY,79505
MY,79511
MY,79513
MY,79514
MY,79517
MY,79518
MY,79520
MY,79521
MY,79523
MY,79532
MY,79538
MY,79540
MY,79546
MY,79548
MY,79550
MY,79552
MY,79555
MY,79570
MY,79575
MY,79576
MY,79592
MY,79601
MY,79603
MY,79605
MY,79606
MY,79612
MY,79626
MY,79630
MY,79632
MY,79646
MY,79658
MY,79660
MY,79680
MY,79681
MY,79683
MY,80000
MY,80050
MY,80100
MY,80110
MY,80150
MY,80200
MY,80250
MY,80300
MY,80350
MY,80400
MY,80500
MY,80502
MY,80503
MY,80504
MY,80505
MY,80506
MY,80508
MY,80514
MY,80516
MY,80517
MY,80518
MY,80519
MY,80520
MY,80529
MY,80530
MY,80532
MY,80534
MY,80536
MY,80538
MY,80540
MY,80542
MY,80546
MY,80548
MY,80550
MY,80552
MY,80558
MY,80560
MY,80564
MY,80568
MY,80570
MY,80576
MY,80578
MY,80584
MY,80586
MY,80590
MY,80592
MY,80594
MY,80596
MY,80600
MY,80604
MY,80606
MY,80608
MY,80610
MY,80612
MY,80620
MY,80622
MY,80626
MY,80628
MY,80630
MY,80632
MY,80644
MY,80646
MY,80648
MY,80658
MY,80660
MY,80662
MY,80664
MY,80668
MY,80670
MY,80672
MY,80673
MY,80676
MY,80700
MY,80710
MY,80720
MY,80730
MY,80750
MY,80800
MY,80888
MY,80900
MY,80902
MY,80904
MY,80906
MY,80908
MY,80988
MY,80990
MY,81000
MY,81010
MY,81020
MY,81030
MY,81040
MY,81050
MY,81100
MY,81110
MY,81120
MY,81200
MY,81250
MY,81300
MY,81310
MY,81400
MY,81410
MY,81440
MY,81450
MY,81500
MY,81550
MY,81560
MY,81600
MY,81620
MY,81650
MY,81700
MY,81750
MY,81760
MY,81800
MY,81810
MY,81850
MY,81900
MY,81907
MY,81910
MY,81920
MY,81930
MY,81960
MY,82000
MY,82010
MY,82020
MY,82030
MY,82100
MY,82200
MY,82300
MY,83000
MY,83010
MY,83020
MY,83030
MY,83040
MY,83050
MY,83100
MY,83200
MY,83300
MY,83400
MY,83500
MY,83600
MY,83610
MY,83700
MY,83710
MY,84000
MY,84007
MY,84010
MY,84020
MY,84030
MY,84040
MY,84050
MY,84100
MY,84150
MY,84160
MY,84200
MY,84300
MY,84400
MY,84409
MY,84410
MY,84500
MY,84600
MY,84700
MY,84710
MY,84800
MY,84900
MY,84990
MY,85000
MY,85010
MY,85020
MY,85030
MY,85060
MY,85070
MY,85080
MY,85100
MY,85200
MY,85210
MY,85300
MY,85400
MY,86000
MY,86007
MY,86100
MY,86200
MY,86300
MY,86400
MY,86500
MY,86600
MY,86700
MY,86800
MY,86810
MY,86900
MY,86999
MY,87000
MY,87007
MY,87008
MY,87010
MY,87011
MY,87012
MY,87013
MY,87014
MY,87015
MY,87016
MY,87017
MY,87018
MY,87019
MY,87020
MY,87021
MY,87022
MY,87023
MY,87024
MY,87025
MY,87026
MY,87027
MY,87028
MY,87029
MY,87030
MY,87031
MY,87032
MY,87033
MY,88000
MY,88100
MY,88110
MY,88150
MY,88200
MY,88220
MY,88300
MY,88400
MY,88450
MY,88458
MY,88460
MY,88500
MY,88502
MY,88504
MY,88505
MY,88506
MY,88508
MY,88510
MY,88512
MY,88514
MY,88516
MY,88518
MY,88520
MY,88526
MY,88527
MY,88532
MY,88534
MY,88538
MY,88540
MY,88546
MY,88550
MY,88551
MY,88552
MY,88554
MY,88556
MY,88558
MY,88560
MY,88562
MY,88564
MY,88566
MY,88568
MY,88570
MY,88572
MY,88576
MY,88580
MY,88582
MY,88586
MY,88590
MY,88592
MY,88594
MY,88596
MY,88598
MY,88600
MY,88602
MY,88604
MY,88606
MY,88608
MY,88609
MY,88610
MY,88612
MY,88614
MY,88617
MY,88618
MY,88620
MY,88621
MY,88622
MY,88624
MY,88626
MY,88628
MY,88630
MY,88632
MY,88634
MY,88644
MY,88646
MY,88648
MY,88656
MY,88658
MY,88660
MY,88661
MY,88662
MY,88670
MY,88672
MY,88673
MY,88675
MY,88676
MY,88680
MY,88690
MY,88700
MY,88721
MY,88722
MY,88723
MY,88724
MY,88725
MY,88740
MY,88757
MY,88758
MY,88759
MY,88760
MY,88761
MY,88762
MY,88763
MY,88764
MY,88765
MY,88766
MY,88767
MY,88768
MY,88769
MY,88770
MY,88771
MY,88772
MY,88773
MY,88774
MY,88775
MY,88776
MY,88777
MY,88778
MY,88779
MY,88780
MY,88781
MY,88782
MY,88783
MY,88784
MY,88785
MY,88786
MY,88787
MY,88788
MY,88789
MY,88790
MY,88800
MY,88801
MY,88802
MY,88803
MY,88804
MY,88805
MY,88806
MY,88807
MY,88808
MY,88809
MY,88810
MY,88811
MY,88812
MY,88813
MY,88814
MY,88815
MY,88816
MY,88817
MY,88818
MY,88819
MY,88820
MY,88821
MY,88822
MY,88823
MY,88824
MY,88825
MY,88826
MY,88827
MY,88828
MY,88829
MY,88830
MY,88831
MY,88832
MY,88833
MY,88834
MY,88835
MY,88836
MY,88837
MY,88838
MY,88839
MY,88840
MY,88841
MY,88842
MY,88843
MY,88844
MY,88845
MY,88846
MY,88847
MY,88848
MY,88849
MY,88850
MY,88851
MY,88852
MY,88853
MY,88854
MY,88855
MY,88856
MY,88857
MY,88858
MY,88860
MY,88861
MY,88862
MY,88863
MY,88865
MY,88866
MY,88867
MY,88868
MY,88869
MY,88870
MY,88871
MY,88872
MY,88873
MY,88874
MY,88875
MY,88900
MY,88901
MY,88902
MY,88903
MY,88904
MY,88905
MY,88906
MY,88988
MY,88990
MY,88991
MY,88992
MY,88993
MY,88994
MY,88995
MY,88996
MY,88997
MY,88998
MY,88999
MY,89000
MY,89007
MY,89008
MY,89009
MY,89050
MY,89057
MY,89058
MY,89059
MY,89100
MY,89107
MY,89108
MY,89109
MY,89130
MY,89137
MY,89138
MY,89139
MY,89150
MY,89157
MY,89158
MY,89159
MY,89200
MY,89207
MY,89208
MY,89209
MY,89250
MY,89257
MY,89258
MY,89259
MY,89260
MY,89300
MY,89307
MY,89308
MY,89309
MY,89320
MY,89327
MY,89328
MY,89329
MY,89330
MY,89337
MY,89338
MY,89339
MY,89350
MY,89357
MY,89500
MY,89507
MY,89508
MY,89509
MY,89600
MY,89607
MY,89608
MY,89609
MY,89650
MY,89657
MY,89658
MY,89659
MY,89700
MY,89707
MY,89708
MY,89709
MY,89720
MY,89727
MY,89728
MY,89729
MY,89740
MY,89747
MY,89748
MY,89749
MY,89760
MY,89767
MY,89768
MY,89769
MY,89800
MY,89807
MY,89808
MY,89809
MY,89850
MY,89857
MY,89858
MY,89859
MY,89900
MY,89907
MY,89908
MY,89909
MY,89950
MY,89957
MY,89958
MY,89959
MY,90000
MY,90008
MY,90009
MY,90100
MY,90107
MY,90109
MY,90200
MY,90300
MY,90307
MY,90400
MY,90700
MY,90701
MY,90702
MY,90703
MY,90704
MY,90705
MY,90706
MY,90707
MY,90708
MY,90709
MY,90711
MY,90712
MY,90713
MY,90714
MY,90715
MY,90716
MY,90717
MY,90718
MY,90719
MY,90720
MY,90721
MY,90722
MY,90723
MY,90724
MY,90725
MY,90726
MY,90727
MY,90728
MY,90729
MY,90730
MY,90731
MY,90732
MY,90733
MY,90734
MY,90735
MY,90736
MY,90737
MY,90738
MY,90739
MY,90740
MY,90741
MY,91000
MY,91007
MY,91008
MY,91009
MY,91010
MY,91011
MY,91012
MY,91013
MY,91014
MY,91015
MY,91016
MY,91017
MY,91018
MY,91019
MY,91020
MY,91021
MY,91022
MY,91023
MY,91024
MY,91025
MY,91026
MY,91027
MY,91028
MY,91029
MY,91030
MY,91031
MY,91032
MY,91033
MY,91034
MY,91035
MY,91045
MY,91056
MY,91100
MY,91108
MY,91109
MY,91110
MY,91111
MY,91112
MY,91113
MY,91114
MY,91115
MY,91116
MY,91117
MY,91118
MY,91119
MY,91120
MY,91121
MY,91122
MY,91123
MY,91124
MY,91125
MY,91126
MY,91127
MY,91128
MY,91150
MY,91200
MY,91207
MY,91209
MY,91300
MY,91307
MY,91308
MY,91309
MY,93000
MY,93010
MY,93030
MY,93050
MY,93100
MY,93150
MY,93200
MY,93250
MY,93300
MY,93350
MY,93400
MY,93450
MY,93500
MY,93502
MY,93503
MY,93504
MY,93505
MY,93506
MY,93507
MY,93508
MY,93514
MY,93516
MY,93517
MY,93518
MY,93519
MY,93520
MY,93527
MY,93529
MY,93532
MY,93540
MY,93550
MY,93551
MY,93552
MY,93554
MY,93556
MY,93558
MY,93560
MY,93564
MY,93566
MY,93570
MY,93572
MY,93576
MY,93578
MY,93582
MY,93586
MY,93590
MY,93592
MY,93594
MY,93596
MY,93600
MY,93604
MY,93606
MY,93608
MY,93609
MY,93610
MY,93612
MY,93614
MY,93618
MY,93619
MY,93620
MY,93626
MY,93628
MY,93632
MY,93634
MY,93648
MY,93658
MY,93660
MY,93661
MY,93662
MY,93668
MY,93670
MY,93672
MY,93677
MY,93690
MY,93694
MY,93700
MY,93702
MY,93704
MY,93706
MY,93708
MY,93710
MY,93712
MY,93714
MY,93716
MY,93718
MY,93720
MY,93722
MY,93724
MY,93726
MY,93728
MY,93730
MY,93732
MY,93734
MY,93736
MY,93738
MY,93740
MY,93742
MY,93744
MY,93746
MY,93748
MY,93750
MY,93752
MY,93754
MY,93756
MY,93758
MY,93760
MY,93762
MY,93764
MY,93900
MY,93902
MY,93904
MY,93906
MY,93908
MY,93910
MY,93912
MY,93914
MY,93916
MY,93990
MY,94000
MY,94007
MY,94009
MY,94111
MY,94200
MY,94300
MY,94500
MY,94507
MY,94509
MY,94600
MY,94650
MY,94700
MY,94707
MY,94709
MY,94750
MY,94760
MY,94800
MY,94807
MY,94809
MY,94850
MY,94900
MY,94950
MY,95000
MY,95007
MY,95008
MY,95009
MY,95300
MY,95400
MY,95407
MY,95409
MY,95500
MY,95600
MY,95700
MY,95707
MY,95709
MY,95800
MY,95900
MY,96000
MY,96007
MY,96008
MY,96009
MY,96010
MY,96100
MY,96107
MY,96108
MY,96109
MY,96150
MY,96200
MY,96250
MY,96300
MY,96307
MY,96309
MY,96350
MY,96400
MY,96410
MY,96500
MY,96507
MY,96508
MY,96509
MY,96510
MY,96600
MY,96700
MY,96707
MY,96709
MY,96800
MY,96807
MY,96809
MY,96850
MY,96900
MY,96950
MY,96999
MY,97000
MY,97004
MY,97007
MY,97008
MY,97009
MY,97010
MY,97011
MY,97012
MY,97013
MY,97014
MY,97015
MY,97100
MY,97200
MY,97300
MY,98000
MY,98007
MY,98008
MY,98009
MY,98050
MY,98057
MY,98058
MY,98059
MY,98060
MY,98070
MY,98100
MY,98107
MY,98109
MY,98150
MY,98157
MY,98159
MY,98200
MY,98300
MY,98700
MY,98707
MY,98708
MY,98709
MY,98750
MY,98800
MY,98850
MY,98857
MY,98859
